feature,importance
total_vorp,0.692790308315756
avg_bpm,0.27903805711273116
top_player_vorp,0.014584197293098242
avg_age,0.009818709874286374
vorp_concentration,0.003768727404128135
